<?xml version="1.0" encoding="UTF-8"?>
<project-private xmlns="http://www.netbeans.org/ns/project-private/1">
    <editor-bookmarks xmlns="http://www.netbeans.org/ns/editor-bookmarks/2" lastBookmarkId="0"/>
    <open-files xmlns="http://www.netbeans.org/ns/projectui-open-files/2">
        <group>
            <file>file:/C:/Users/Shreya%20G/Downloads/Indiana%20Trail-FINAL/Indiana%20Tail-FINAL/src/Program/Progress.java</file>
            <file>file:/C:/Users/Shreya%20G/Downloads/Indiana%20Trail-FINAL/Indiana%20Tail-FINAL/src/Program/Health.java</file>
            <file>file:/C:/Users/Shreya%20G/Downloads/Indiana%20Trail-FINAL/Indiana%20Tail-FINAL/src/Program/Coin.java</file>
            <file>file:/C:/Users/Shreya%20G/Downloads/Indiana%20Trail-FINAL/Indiana%20Tail-FINAL/src/Program/PlayerInventory.java</file>
            <file>file:/C:/Users/Shreya%20G/Downloads/Indiana%20Trail-FINAL/Indiana%20Tail-FINAL/src/Program/PlayerActivity.java</file>
            <file>file:/C:/Users/Shreya%20G/Downloads/Indiana%20Trail-FINAL/Indiana%20Tail-FINAL/src/Program/Player.java</file>
            <file>file:/C:/Users/Shreya%20G/Downloads/Indiana%20Trail-FINAL/Indiana%20Tail-FINAL/src/Program/IndianaTrail.java</file>
        </group>
    </open-files>
</project-private>
